,files,mean_distance,variance,standard_deviation,sqd_means,total_distances
0,plmoro.txt,0.00508845569683405,4.0679808695777145e-07,0.0006378072490633604,2.62991794656008e-05,193.48343941641792
1,10medidas.txt,0.004390458361679584,3.0292579041264576e-07,0.0005503869460776171,1.9579050416054683e-05,224.24266082278476
2,parecer2-20181107.txt,0.33037866432554397,0.0575166048251362,0.2398261971201983,0.16666666666666663,1.9822719859532638
3,parecer2-225810.txt,0.010515917003295672,2.6016808644602447e-06,0.0016129726793905235,0.00011318619128466352,92.90812672411727
4,Emenda-20181107.txt,0.22790706037406536,0.03139170516498547,0.17717704468972686,0.08333333333333333,2.734884724488784
5,parecer1-20181107.txt,0.33037866432554397,0.0575166048251362,0.2398261971201983,0.16666666666666663,1.9822719859532638
6,parecer1-225810.txt,0.025207552040948364,2.2474056944985228e-05,0.004740681063411166,0.0006578947368421059,38.31547910224151
7,inteiroTeor-225810.txt,0.014119932343946193,4.750801069824437e-06,0.002179633242044275,0.00020412329046744226,69.1735485529924
